pueblos, centrales, tiempo
50000, 1, 35560000
50000, 3001, 36390000
50000, 6001, 36080000
50000, 9001, 36360000
50000, 12001, 36510000
50000, 15001, 35840000
50000, 18001, 36140000
50000, 21001, 36310000
50000, 24001, 36090000
50000, 27001, 36230000
50000, 30001, 36030000
50000, 33001, 36150000
50000, 36001, 36170000
50000, 39001, 36110000
50000, 42001, 36020000
50000, 45001, 36180000
50000, 48001, 36190000
50000, 51001, 36220000
50000, 54001, 36040000
50000, 57001, 36400000
50000, 60001, 35820000
50000, 63001, 36020000
50000, 66001, 36160000
50000, 69001, 36230000
50000, 72001, 35500000
50000, 75001, 36220000
50000, 78001, 36260000
50000, 81001, 35980000
50000, 84001, 36300000
50000, 87001, 36190000
50000, 90001, 36640000
50000, 93001, 36320000
50000, 96001, 36270000
50000, 99001, 36240000
50100, 1, 36410000
50100, 3001, 36220000
50100, 6001, 36430000
50100, 9001, 36040000
50100, 12001, 36120000
50100, 15001, 36430000
50100, 18001, 36030000
50100, 21001, 36110000
50100, 24001, 36360000
50100, 27001, 36530000
50100, 30001, 36050000
50100, 33001, 36050000
50100, 36001, 36520000
50100, 39001, 36330000
50100, 42001, 36420000
50100, 45001, 36530000
50100, 48001, 36430000
50100, 51001, 36440000
50100, 54001, 36430000
50100, 57001, 36410000
50100, 60001, 36530000
50100, 63001, 36440000
50100, 66001, 36260000
50100, 69001, 36620000
50100, 72001, 36400000
50100, 75001, 36260000
50100, 78001, 36450000
50100, 81001, 36340000
50100, 84001, 36460000
50100, 87001, 36340000
50100, 90001, 36300000
50100, 93001, 36070000
50100, 96001, 36410000
50100, 99001, 36410000
50200, 1, 36590000
50200, 3001, 36390000
50200, 6001, 36520000
50200, 9001, 36440000
50200, 12001, 36710000
50200, 15001, 36550000
50200, 18001, 36700000
50200, 21001, 36500000
50200, 24001, 36820000
50200, 27001, 36520000
50200, 30001, 36490000
50200, 33001, 36390000
50200, 36001, 36570000
50200, 39001, 36430000
50200, 42001, 36420000
50200, 45001, 36760000
50200, 48001, 36400000
50200, 51001, 36050000
50200, 54001, 36490000
50200, 57001, 36150000
50200, 60001, 36530000
50200, 63001, 36910000
50200, 66001, 36520000
50200, 69001, 36370000
50200, 72001, 36660000
50200, 75001, 36700000
50200, 78001, 36120000
50200, 81001, 36290000
50200, 84001, 36630000
50200, 87001, 36010000
50200, 90001, 36210000
50200, 93001, 36240000
50200, 96001, 36260000
50200, 99001, 36990000
50300, 1, 36740000
50300, 3001, 36160000
50300, 6001, 36350000
50300, 9001, 36510000
50300, 12001, 36250000
50300, 15001, 36530000
50300, 18001, 36840000
50300, 21001, 36760000
50300, 24001, 36260000
50300, 27001, 36620000
50300, 30001, 36750000
50300, 33001, 36730000
50300, 36001, 36800000
50300, 39001, 36460000
50300, 42001, 36670000
50300, 45001, 36810000
50300, 48001, 36490000
50300, 51001, 36420000
50300, 54001, 36520000
50300, 57001, 36720000
50300, 60001, 36530000
50300, 63001, 36550000
50300, 66001, 36740000
50300, 69001, 36740000
50300, 72001, 36640000
50300, 75001, 36510000
50300, 78001, 36680000
50300, 81001, 36710000
50300, 84001, 36380000
50300, 87001, 36470000
50300, 90001, 36770000
50300, 93001, 36790000
50300, 96001, 36840000
50300, 99001, 36610000
50400, 1, 36870000
50400, 3001, 36760000
50400, 6001, 36850000
50400, 9001, 36840000
50400, 12001, 36850000
50400, 15001, 36490000
50400, 18001, 36790000
50400, 21001, 36580000
50400, 24001, 36710000
50400, 27001, 36730000
50400, 30001, 36410000
50400, 33001, 36450000
50400, 36001, 36720000
50400, 39001, 36830000
50400, 42001, 36890000
50400, 45001, 36810000
50400, 48001, 36800000
50400, 51001, 36650000
50400, 54001, 36800000
50400, 57001, 36710000
50400, 60001, 36850000
50400, 63001, 36520000
50400, 66001, 36730000
50400, 69001, 36670000
50400, 72001, 36760000
50400, 75001, 36780000
50400, 78001, 37330000
50400, 81001, 36940000
50400, 84001, 36640000
50400, 87001, 36350000
50400, 90001, 36850000
50400, 93001, 36820000
50400, 96001, 36900000
50400, 99001, 36780000
50500, 1, 37070000
50500, 3001, 36970000
50500, 6001, 37110000
50500, 9001, 37490000
50500, 12001, 36930000
50500, 15001, 36650000
50500, 18001, 37120000
50500, 21001, 36860000
50500, 24001, 36680000
50500, 27001, 37000000
50500, 30001, 36820000
50500, 33001, 36900000
50500, 36001, 37070000
50500, 39001, 36990000
50500, 42001, 37170000
50500, 45001, 37120000
50500, 48001, 36920000
50500, 51001, 36190000
50500, 54001, 36980000
50500, 57001, 36790000
50500, 60001, 36740000
50500, 63001, 37050000
50500, 66001, 37100000
50500, 69001, 36850000
50500, 72001, 36630000
50500, 75001, 37120000
50500, 78001, 37170000
50500, 81001, 37050000
50500, 84001, 36910000
50500, 87001, 37070000
50500, 90001, 37110000
50500, 93001, 36580000
50500, 96001, 36980000
50500, 99001, 37160000
50600, 1, 36620000
50600, 3001, 37400000
50600, 6001, 37410000
50600, 9001, 36970000
50600, 12001, 37000000
50600, 15001, 37290000
50600, 18001, 37180000
50600, 21001, 36990000
50600, 24001, 37230000
50600, 27001, 37080000
50600, 30001, 36790000
50600, 33001, 36580000
50600, 36001, 37080000
50600, 39001, 37260000
50600, 42001, 37040000
50600, 45001, 37200000
50600, 48001, 37410000
50600, 51001, 37140000
50600, 54001, 36810000
50600, 57001, 36690000
50600, 60001, 37000000
50600, 63001, 37100000
50600, 66001, 36820000
50600, 69001, 36480000
50600, 72001, 37980000
50600, 75001, 36380000
50600, 78001, 36940000
50600, 81001, 36990000
50600, 84001, 37120000
50600, 87001, 37040000
50600, 90001, 36730000
50600, 93001, 37490000
50600, 96001, 36860000
50600, 99001, 36780000
50700, 1, 36960000
50700, 3001, 37240000
50700, 6001, 36910000
50700, 9001, 37380000
50700, 12001, 37180000
50700, 15001, 37050000
50700, 18001, 37380000
50700, 21001, 37250000
50700, 24001, 37250000
50700, 27001, 37390000
50700, 30001, 36860000
50700, 33001, 37460000
50700, 36001, 37300000
50700, 39001, 36840000
50700, 42001, 37150000
50700, 45001, 37340000
50700, 48001, 37430000
50700, 51001, 37090000
50700, 54001, 36920000
50700, 57001, 36940000
50700, 60001, 37270000
50700, 63001, 37050000
50700, 66001, 37240000
50700, 69001, 37540000
50700, 72001, 36820000
50700, 75001, 37320000
50700, 78001, 37300000
50700, 81001, 36580000
50700, 84001, 36900000
50700, 87001, 37040000
50700, 90001, 37090000
50700, 93001, 37330000
50700, 96001, 37140000
50700, 99001, 37210000
50800, 1, 37460000
50800, 3001, 37520000
50800, 6001, 37590000
50800, 9001, 37470000
50800, 12001, 37820000
50800, 15001, 37230000
50800, 18001, 37510000
50800, 21001, 37080000
50800, 24001, 37250000
50800, 27001, 37280000
50800, 30001, 37350000
50800, 33001, 37000000
50800, 36001, 37580000
50800, 39001, 37310000
50800, 42001, 36870000
50800, 45001, 37630000
50800, 48001, 37400000
50800, 51001, 37130000
50800, 54001, 37380000
50800, 57001, 37570000
50800, 60001, 37470000
50800, 63001, 37590000
50800, 66001, 37440000
50800, 69001, 37090000
50800, 72001, 37950000
50800, 75001, 37810000
50800, 78001, 37760000
50800, 81001, 37640000
50800, 84001, 37270000
50800, 87001, 37140000
50800, 90001, 37440000
50800, 93001, 37140000
50800, 96001, 37290000
50800, 99001, 37890000
50900, 1, 37560000
50900, 3001, 37020000
50900, 6001, 37530000
50900, 9001, 37010000
50900, 12001, 37460000
50900, 15001, 37380000
50900, 18001, 37320000
50900, 21001, 37200000
50900, 24001, 37560000
50900, 27001, 37520000
50900, 30001, 37320000
50900, 33001, 37610000
50900, 36001, 36880000
50900, 39001, 37020000
50900, 42001, 37360000
50900, 45001, 37560000
50900, 48001, 36770000
50900, 51001, 37450000
50900, 54001, 37490000
50900, 57001, 37130000
50900, 60001, 37600000
50900, 63001, 37410000
50900, 66001, 37470000
50900, 69001, 37420000
50900, 72001, 37530000
50900, 75001, 37630000
50900, 78001, 37550000
50900, 81001, 37480000
50900, 84001, 37540000
50900, 87001, 37920000
50900, 90001, 37460000
50900, 93001, 37160000
50900, 96001, 37570000
50900, 99001, 36820000
51000, 1, 37720000
51000, 3001, 37560000
51000, 6001, 37480000
51000, 9001, 37560000
51000, 12001, 37760000
51000, 15001, 37660000
51000, 18001, 37270000
51000, 21001, 37130000
51000, 24001, 37120000
51000, 27001, 37610000
51000, 30001, 37730000
51000, 33001, 37460000
51000, 36001, 37330000
51000, 39001, 37700000
51000, 42001, 37630000
51000, 45001, 37160000
51000, 48001, 37510000
51000, 51001, 37460000
51000, 54001, 37550000
51000, 57001, 37380000
51000, 60001, 37050000
51000, 63001, 37600000
51000, 66001, 37850000
51000, 69001, 37310000
51000, 72001, 37130000
51000, 75001, 37660000
51000, 78001, 37260000
51000, 81001, 37540000
51000, 84001, 37580000
51000, 87001, 37420000
51000, 90001, 37520000
51000, 93001, 37700000
51000, 96001, 37410000
51000, 99001, 37510000
51100, 1, 37750000
51100, 3001, 37830000
51100, 6001, 37570000
51100, 9001, 37640000
51100, 12001, 37410000
51100, 15001, 37740000
51100, 18001, 37780000
51100, 21001, 37930000
51100, 24001, 37900000
51100, 27001, 37710000
51100, 30001, 37790000
51100, 33001, 37830000
51100, 36001, 37900000
51100, 39001, 37370000
51100, 42001, 37820000
51100, 45001, 38090000
51100, 48001, 37960000
51100, 51001, 37590000
51100, 54001, 37600000
51100, 57001, 37340000
51100, 60001, 37810000
51100, 63001, 37670000
51100, 66001, 37260000
51100, 69001, 37520000
51100, 72001, 37510000
51100, 75001, 37510000
51100, 78001, 37510000
51100, 81001, 37850000
51100, 84001, 37590000
51100, 87001, 37860000
51100, 90001, 37630000
51100, 93001, 37700000
51100, 96001, 37840000
51100, 99001, 37590000
51200, 1, 37540000
51200, 3001, 37620000
51200, 6001, 37600000
51200, 9001, 37350000
51200, 12001, 37740000
51200, 15001, 37440000
51200, 18001, 37820000
51200, 21001, 37620000
51200, 24001, 37670000
51200, 27001, 37250000
51200, 30001, 37290000
51200, 33001, 37740000
51200, 36001, 37860000
51200, 39001, 37760000
51200, 42001, 37570000
51200, 45001, 37630000
51200, 48001, 38000000
51200, 51001, 37390000
51200, 54001, 37710000
51200, 57001, 37840000
51200, 60001, 37750000
51200, 63001, 37750000
51200, 66001, 37670000
51200, 69001, 37820000
51200, 72001, 37940000
51200, 75001, 37410000
51200, 78001, 37610000
51200, 81001, 37420000
51200, 84001, 37690000
51200, 87001, 37270000
51200, 90001, 37510000
51200, 93001, 38740000
51200, 96001, 37860000
51200, 99001, 37710000
51300, 1, 37920000
51300, 3001, 37990000
51300, 6001, 38320000
51300, 9001, 38210000
51300, 12001, 37710000
51300, 15001, 37930000
51300, 18001, 38370000
51300, 21001, 37640000
51300, 24001, 38160000
51300, 27001, 38020000
51300, 30001, 38020000
51300, 33001, 38160000
51300, 36001, 38310000
51300, 39001, 37830000
51300, 42001, 37980000
51300, 45001, 37950000
51300, 48001, 37930000
51300, 51001, 38040000
51300, 54001, 38230000
51300, 57001, 37930000
51300, 60001, 38190000
51300, 63001, 38130000
51300, 66001, 38010000
51300, 69001, 38040000
51300, 72001, 37680000
51300, 75001, 38250000
51300, 78001, 37770000
51300, 81001, 38060000
51300, 84001, 37630000
51300, 87001, 38180000
51300, 90001, 37640000
51300, 93001, 38200000
51300, 96001, 37870000
51300, 99001, 37970000
51400, 1, 38140000
51400, 3001, 37980000
51400, 6001, 38000000
51400, 9001, 38340000
51400, 12001, 38410000
51400, 15001, 38440000
51400, 18001, 38350000
51400, 21001, 38130000
51400, 24001, 38200000
51400, 27001, 37990000
51400, 30001, 38260000
51400, 33001, 37720000
51400, 36001, 38380000
51400, 39001, 38030000
51400, 42001, 38130000
51400, 45001, 38020000
51400, 48001, 38240000
51400, 51001, 38330000
51400, 54001, 38120000
51400, 57001, 38420000
51400, 60001, 38300000
51400, 63001, 37970000
51400, 66001, 38090000
51400, 69001, 38280000
51400, 72001, 38260000
51400, 75001, 38220000
51400, 78001, 38470000
51400, 81001, 38100000
51400, 84001, 38430000
51400, 87001, 37380000
51400, 90001, 38190000
51400, 93001, 38000000
51400, 96001, 37820000
51400, 99001, 38300000
51500, 1, 38410000
51500, 3001, 38230000
51500, 6001, 38480000
51500, 9001, 38240000
51500, 12001, 38060000
51500, 15001, 38540000
51500, 18001, 38500000
51500, 21001, 38220000
51500, 24001, 38450000
51500, 27001, 38500000
51500, 30001, 38440000
51500, 33001, 38160000
51500, 36001, 38880000
51500, 39001, 38430000
51500, 42001, 38350000
51500, 45001, 38380000
51500, 48001, 38480000
51500, 51001, 38470000
51500, 54001, 38260000
51500, 57001, 38690000
51500, 60001, 38340000
51500, 63001, 38380000
51500, 66001, 38340000
51500, 69001, 38160000
51500, 72001, 38920000
51500, 75001, 38580000
51500, 78001, 38820000
51500, 81001, 38320000
51500, 84001, 38370000
51500, 87001, 38350000
51500, 90001, 38100000
51500, 93001, 38570000
51500, 96001, 38300000
51500, 99001, 38270000
51600, 1, 38680000
51600, 3001, 38260000
51600, 6001, 38090000
51600, 9001, 38250000
51600, 12001, 38750000
51600, 15001, 38530000
51600, 18001, 38790000
51600, 21001, 38500000
51600, 24001, 38570000
51600, 27001, 39720000
51600, 30001, 38710000
51600, 33001, 38340000
51600, 36001, 38770000
51600, 39001, 38660000
51600, 42001, 38630000
51600, 45001, 38500000
51600, 48001, 38420000
51600, 51001, 38410000
51600, 54001, 38280000
51600, 57001, 39250000
51600, 60001, 38840000
51600, 63001, 38440000
51600, 66001, 38320000
51600, 69001, 38530000
51600, 72001, 39030000
51600, 75001, 38410000
51600, 78001, 38480000
51600, 81001, 38650000
51600, 84001, 38570000
51600, 87001, 38570000
51600, 90001, 38590000
51600, 93001, 38560000
51600, 96001, 38700000
51600, 99001, 38720000
51700, 1, 38430000
51700, 3001, 38540000
51700, 6001, 38720000
51700, 9001, 38860000
51700, 12001, 38370000
51700, 15001, 38970000
51700, 18001, 38460000
51700, 21001, 38630000
51700, 24001, 38480000
51700, 27001, 38650000
51700, 30001, 38520000
51700, 33001, 38650000
51700, 36001, 38620000
51700, 39001, 38590000
51700, 42001, 39240000
51700, 45001, 38900000
51700, 48001, 38830000
51700, 51001, 38640000
51700, 54001, 38750000
51700, 57001, 38880000
51700, 60001, 38870000
51700, 63001, 38810000
51700, 66001, 38290000
51700, 69001, 39710000
51700, 72001, 38410000
51700, 75001, 38970000
51700, 78001, 39330000
51700, 81001, 38890000
51700, 84001, 38410000
51700, 87001, 38970000
51700, 90001, 38410000
51700, 93001, 38650000
51700, 96001, 38260000
51700, 99001, 38810000
51800, 1, 38900000
51800, 3001, 39180000
51800, 6001, 38680000
51800, 9001, 39050000
51800, 12001, 39100000
51800, 15001, 39010000
51800, 18001, 38800000
51800, 21001, 39280000
51800, 24001, 39270000
51800, 27001, 38140000
51800, 30001, 38490000
51800, 33001, 39120000
51800, 36001, 39000000
51800, 39001, 38700000
51800, 42001, 39340000
51800, 45001, 38940000
51800, 48001, 38520000
51800, 51001, 38640000
51800, 54001, 38850000
51800, 57001, 38700000
51800, 60001, 38920000
51800, 63001, 38870000
51800, 66001, 38460000
51800, 69001, 38350000
51800, 72001, 38750000
51800, 75001, 38820000
51800, 78001, 38930000
51800, 81001, 38720000
51800, 84001, 38960000
51800, 87001, 38520000
51800, 90001, 38760000
51800, 93001, 38850000
51800, 96001, 38440000
51800, 99001, 39000000
51900, 1, 39200000
51900, 3001, 39080000
51900, 6001, 38360000
51900, 9001, 39150000
51900, 12001, 39160000
51900, 15001, 38690000
51900, 18001, 39240000
51900, 21001, 38930000
51900, 24001, 39160000
51900, 27001, 39110000
51900, 30001, 38910000
51900, 33001, 39150000
51900, 36001, 38830000
51900, 39001, 38920000
51900, 42001, 39000000
51900, 45001, 39010000
51900, 48001, 39080000
51900, 51001, 38790000
51900, 54001, 38960000
51900, 57001, 39220000
51900, 60001, 39020000
51900, 63001, 38990000
51900, 66001, 38720000
51900, 69001, 38740000
51900, 72001, 38640000
51900, 75001, 38610000
51900, 78001, 39080000
51900, 81001, 39130000
51900, 84001, 38870000
51900, 87001, 38910000
51900, 90001, 38870000
51900, 93001, 38820000
51900, 96001, 38840000
51900, 99001, 38950000
52000, 1, 38990000
52000, 3001, 40240000
52000, 6001, 39300000
52000, 9001, 39490000
52000, 12001, 39480000
52000, 15001, 39310000
52000, 18001, 39460000
52000, 21001, 39110000
52000, 24001, 39490000
52000, 27001, 39110000
52000, 30001, 39140000
52000, 33001, 39240000
52000, 36001, 39180000
52000, 39001, 39270000
52000, 42001, 39350000
52000, 45001, 38980000
52000, 48001, 38850000
52000, 51001, 38660000
52000, 54001, 39160000
52000, 57001, 39220000
52000, 60001, 38830000
52000, 63001, 39290000
52000, 66001, 39250000
52000, 69001, 39190000
52000, 72001, 39260000
52000, 75001, 39110000
52000, 78001, 39040000
52000, 81001, 39500000
52000, 84001, 38240000
52000, 87001, 39260000
52000, 90001, 39280000
52000, 93001, 39350000
52000, 96001, 39600000
52000, 99001, 39240000
52100, 1, 39160000
52100, 3001, 39360000
52100, 6001, 39350000
52100, 9001, 39230000
52100, 12001, 39200000
52100, 15001, 39070000
52100, 18001, 39500000
52100, 21001, 39140000
52100, 24001, 39190000
52100, 27001, 39350000
52100, 30001, 39090000
52100, 33001, 39150000
52100, 36001, 39320000
52100, 39001, 39260000
52100, 42001, 39020000
52100, 45001, 39730000
52100, 48001, 39200000
52100, 51001, 39330000
52100, 54001, 39290000
52100, 57001, 39220000
52100, 60001, 39360000
52100, 63001, 39130000
52100, 66001, 39250000
52100, 69001, 39270000
52100, 72001, 39350000
52100, 75001, 39370000
52100, 78001, 39040000
52100, 81001, 39390000
52100, 84001, 39180000
52100, 87001, 39250000
52100, 90001, 39160000
52100, 93001, 39470000
52100, 96001, 39340000
52100, 99001, 39100000
52200, 1, 39620000
52200, 3001, 39010000
52200, 6001, 39430000
52200, 9001, 39440000
52200, 12001, 39380000
52200, 15001, 39330000
52200, 18001, 39640000
52200, 21001, 39380000
52200, 24001, 39460000
52200, 27001, 39450000
52200, 30001, 39390000
52200, 33001, 39390000
52200, 36001, 39470000
52200, 39001, 39470000
52200, 42001, 39300000
52200, 45001, 39300000
52200, 48001, 39300000
52200, 51001, 39290000
52200, 54001, 39620000
52200, 57001, 39230000
52200, 60001, 39250000
52200, 63001, 39450000
52200, 66001, 39270000
52200, 69001, 39640000
52200, 72001, 39480000
52200, 75001, 38820000
52200, 78001, 38990000
52200, 81001, 39710000
52200, 84001, 39040000
52200, 87001, 38950000
52200, 90001, 39590000
52200, 93001, 39300000
52200, 96001, 38630000
52200, 99001, 39470000
52300, 1, 39750000
52300, 3001, 39310000
52300, 6001, 39720000
52300, 9001, 39690000
52300, 12001, 39610000
52300, 15001, 39880000
52300, 18001, 39450000
52300, 21001, 39580000
52300, 24001, 39350000
52300, 27001, 39610000
52300, 30001, 38770000
52300, 33001, 39590000
52300, 36001, 39810000
52300, 39001, 39840000
52300, 42001, 39050000
52300, 45001, 39330000
52300, 48001, 38920000
52300, 51001, 39530000
52300, 54001, 39390000
52300, 57001, 39470000
52300, 60001, 39340000
52300, 63001, 39900000
52300, 66001, 39190000
52300, 69001, 39590000
52300, 72001, 39430000
52300, 75001, 40050000
52300, 78001, 39720000
52300, 81001, 39610000
52300, 84001, 39740000
52300, 87001, 39030000
52300, 90001, 39760000
52300, 93001, 39890000
52300, 96001, 39440000
52300, 99001, 40040000
52400, 1, 39860000
52400, 3001, 39720000
52400, 6001, 39830000
52400, 9001, 40370000
52400, 12001, 39670000
52400, 15001, 39920000
52400, 18001, 39920000
52400, 21001, 39920000
52400, 24001, 39530000
52400, 27001, 39900000
52400, 30001, 38860000
52400, 33001, 39830000
52400, 36001, 39370000
52400, 39001, 39760000
52400, 42001, 39930000
52400, 45001, 39150000
52400, 48001, 40260000
52400, 51001, 39930000
52400, 54001, 40150000
52400, 57001, 39870000
52400, 60001, 39970000
52400, 63001, 39880000
52400, 66001, 39960000
52400, 69001, 40110000
52400, 72001, 39770000
52400, 75001, 39890000
52400, 78001, 39410000
52400, 81001, 39810000
52400, 84001, 39810000
52400, 87001, 39820000
52400, 90001, 39960000
52400, 93001, 39950000
52400, 96001, 39720000
52400, 99001, 39500000
52500, 1, 39720000
52500, 3001, 40070000
52500, 6001, 39930000
52500, 9001, 41750000
52500, 12001, 39860000
52500, 15001, 40090000
52500, 18001, 40070000
52500, 21001, 39900000
52500, 24001, 40140000
52500, 27001, 39580000
52500, 30001, 39550000
52500, 33001, 40020000
52500, 36001, 39910000
52500, 39001, 39960000
52500, 42001, 39930000
52500, 45001, 39670000
52500, 48001, 39970000
52500, 51001, 40030000
52500, 54001, 39800000
52500, 57001, 40080000
52500, 60001, 40210000
52500, 63001, 40020000
52500, 66001, 39950000
52500, 69001, 40150000
52500, 72001, 39780000
52500, 75001, 40000000
52500, 78001, 40530000
52500, 81001, 40000000
52500, 84001, 40260000
52500, 87001, 39720000
52500, 90001, 40110000
52500, 93001, 39520000
52500, 96001, 39450000
52500, 99001, 39940000
52600, 1, 40650000
52600, 3001, 40310000
52600, 6001, 39720000
52600, 9001, 40280000
52600, 12001, 40310000
52600, 15001, 39820000
52600, 18001, 40280000
52600, 21001, 39940000
52600, 24001, 40350000
52600, 27001, 40400000
52600, 30001, 40130000
52600, 33001, 40320000
52600, 36001, 40280000
52600, 39001, 39940000
52600, 42001, 40350000
52600, 45001, 40270000
52600, 48001, 40190000
52600, 51001, 40060000
52600, 54001, 39870000
52600, 57001, 40280000
52600, 60001, 39720000
52600, 63001, 39980000
52600, 66001, 40050000
52600, 69001, 39990000
52600, 72001, 40390000
52600, 75001, 40090000
52600, 78001, 40800000
52600, 81001, 40440000
52600, 84001, 40090000
52600, 87001, 40040000
52600, 90001, 40280000
52600, 93001, 40230000
52600, 96001, 40260000
52600, 99001, 39770000
52700, 1, 40390000
52700, 3001, 39800000
52700, 6001, 40050000
52700, 9001, 40340000
52700, 12001, 39940000
52700, 15001, 39700000
52700, 18001, 40290000
52700, 21001, 40500000
52700, 24001, 40160000
52700, 27001, 39710000
52700, 30001, 40450000
52700, 33001, 40190000
52700, 36001, 40340000
52700, 39001, 40270000
52700, 42001, 40310000
52700, 45001, 40260000
52700, 48001, 40040000
52700, 51001, 40000000
52700, 54001, 40280000
52700, 57001, 40230000
52700, 60001, 40480000
52700, 63001, 40130000
52700, 66001, 40100000
52700, 69001, 40050000
52700, 72001, 40340000
52700, 75001, 40300000
52700, 78001, 40230000
52700, 81001, 40300000
52700, 84001, 40000000
52700, 87001, 40830000
52700, 90001, 40280000
52700, 93001, 40160000
52700, 96001, 40170000
52700, 99001, 40140000
52800, 1, 40480000
52800, 3001, 40400000
52800, 6001, 40580000
52800, 9001, 40510000
52800, 12001, 40820000
52800, 15001, 40610000
52800, 18001, 40640000
52800, 21001, 40370000
52800, 24001, 39850000
52800, 27001, 40390000
52800, 30001, 40210000
52800, 33001, 40210000
52800, 36001, 40340000
52800, 39001, 40180000
52800, 42001, 40520000
52800, 45001, 40700000
52800, 48001, 40450000
52800, 51001, 40560000
52800, 54001, 40250000
52800, 57001, 40560000
52800, 60001, 40330000
52800, 63001, 39900000
52800, 66001, 40180000
52800, 69001, 40660000
52800, 72001, 40540000
52800, 75001, 40580000
52800, 78001, 40560000
52800, 81001, 40470000
52800, 84001, 40610000
52800, 87001, 40100000
52800, 90001, 40170000
52800, 93001, 40570000
52800, 96001, 40510000
52800, 99001, 40270000
52900, 1, 40540000
52900, 3001, 40460000
52900, 6001, 40320000
52900, 9001, 40640000
52900, 12001, 40410000
52900, 15001, 40560000
52900, 18001, 40470000
52900, 21001, 40280000
52900, 24001, 40660000
52900, 27001, 40580000
52900, 30001, 40560000
52900, 33001, 39890000
52900, 36001, 40170000
52900, 39001, 40480000
52900, 42001, 42890000
52900, 45001, 40690000
52900, 48001, 40120000
52900, 51001, 40790000
52900, 54001, 40680000
52900, 57001, 40350000
52900, 60001, 40650000
52900, 63001, 40470000
52900, 66001, 40520000
52900, 69001, 40560000
52900, 72001, 40450000
52900, 75001, 40390000
52900, 78001, 40630000
52900, 81001, 40900000
52900, 84001, 40670000
52900, 87001, 40680000
52900, 90001, 40850000
52900, 93001, 40600000
52900, 96001, 40400000
52900, 99001, 40340000
53000, 1, 40950000
53000, 3001, 40810000
53000, 6001, 40520000
53000, 9001, 40610000
53000, 12001, 40850000
53000, 15001, 40870000
53000, 18001, 40610000
53000, 21001, 40660000
53000, 24001, 40650000
53000, 27001, 40720000
53000, 30001, 40860000
53000, 33001, 40900000
53000, 36001, 40630000
53000, 39001, 40490000
53000, 42001, 40470000
53000, 45001, 40290000
53000, 48001, 40750000
53000, 51001, 41150000
53000, 54001, 40860000
53000, 57001, 40770000
53000, 60001, 40760000
53000, 63001, 40580000
53000, 66001, 40930000
53000, 69001, 40790000
53000, 72001, 40860000
53000, 75001, 40550000
53000, 78001, 40350000
53000, 81001, 40420000
53000, 84001, 40230000
53000, 87001, 40870000
53000, 90001, 40760000
53000, 93001, 40810000
53000, 96001, 40170000
53000, 99001, 40480000
53100, 1, 40870000
53100, 3001, 41090000
53100, 6001, 40690000
53100, 9001, 40310000
53100, 12001, 40920000
53100, 15001, 40920000
53100, 18001, 40990000
53100, 21001, 41160000
53100, 24001, 41460000
53100, 27001, 41160000
53100, 30001, 41050000
53100, 33001, 41050000
53100, 36001, 40950000
53100, 39001, 40800000
53100, 42001, 40500000
53100, 45001, 41050000
53100, 48001, 40760000
53100, 51001, 40990000
53100, 54001, 40960000
53100, 57001, 40940000
53100, 60001, 41060000
53100, 63001, 40950000
53100, 66001, 40910000
53100, 69001, 41070000
53100, 72001, 40700000
53100, 75001, 40790000
53100, 78001, 40780000
53100, 81001, 40600000
53100, 84001, 40920000
53100, 87001, 40980000
53100, 90001, 40590000
53100, 93001, 40370000
53100, 96001, 40540000
53100, 99001, 41270000
53200, 1, 40990000
53200, 3001, 41070000
53200, 6001, 41090000
53200, 9001, 41480000
53200, 12001, 41030000
53200, 15001, 41330000
53200, 18001, 41160000
53200, 21001, 41150000
53200, 24001, 41310000
53200, 27001, 40990000
53200, 30001, 41140000
53200, 33001, 41090000
53200, 36001, 40710000
53200, 39001, 40760000
53200, 42001, 40890000
53200, 45001, 41060000
53200, 48001, 40880000
53200, 51001, 40910000
53200, 54001, 40880000
53200, 57001, 41290000
53200, 60001, 41080000
53200, 63001, 40790000
53200, 66001, 40680000
53200, 69001, 41100000
53200, 72001, 41250000
53200, 75001, 40970000
53200, 78001, 40990000
53200, 81001, 41050000
53200, 84001, 41000000
53200, 87001, 40920000
53200, 90001, 40860000
53200, 93001, 41140000
53200, 96001, 41120000
53200, 99001, 41130000
53300, 1, 41280000
53300, 3001, 40990000
53300, 6001, 41140000
53300, 9001, 41120000
53300, 12001, 41230000
53300, 15001, 41180000
53300, 18001, 41130000
53300, 21001, 41000000
53300, 24001, 41060000
53300, 27001, 40770000
53300, 30001, 40930000
53300, 33001, 40950000
53300, 36001, 41890000
53300, 39001, 40750000
53300, 42001, 41170000
53300, 45001, 41140000
53300, 48001, 41100000
53300, 51001, 41480000
53300, 54001, 40870000
53300, 57001, 41210000
53300, 60001, 41180000
53300, 63001, 40290000
53300, 66001, 40900000
53300, 69001, 41150000
53300, 72001, 40820000
53300, 75001, 41140000
53300, 78001, 41290000
53300, 81001, 40770000
53300, 84001, 40710000
53300, 87001, 40510000
53300, 90001, 41530000
53300, 93001, 40730000
53300, 96001, 40890000
53300, 99001, 41260000
53400, 1, 41320000
53400, 3001, 41470000
53400, 6001, 42440000
53400, 9001, 41360000
53400, 12001, 41100000
53400, 15001, 41370000
53400, 18001, 41310000
53400, 21001, 41660000
53400, 24001, 41050000
53400, 27001, 41160000
53400, 30001, 41330000
53400, 33001, 41160000
53400, 36001, 41400000
53400, 39001, 41250000
53400, 42001, 41470000
53400, 45001, 41580000
53400, 48001, 41150000
53400, 51001, 41510000
53400, 54001, 41260000
53400, 57001, 41370000
53400, 60001, 41020000
53400, 63001, 41260000
53400, 66001, 41510000
53400, 69001, 41250000
53400, 72001, 41750000
53400, 75001, 41420000
53400, 78001, 41260000
53400, 81001, 41250000
53400, 84001, 41250000
53400, 87001, 40940000
53400, 90001, 41170000
53400, 93001, 41610000
53400, 96001, 41650000
53400, 99001, 41420000
53500, 1, 41630000
53500, 3001, 41680000
53500, 6001, 41540000
53500, 9001, 41550000
53500, 12001, 41500000
53500, 15001, 41610000
53500, 18001, 41670000
53500, 21001, 41760000
53500, 24001, 41150000
53500, 27001, 41520000
53500, 30001, 41190000
53500, 33001, 41470000
53500, 36001, 41840000
53500, 39001, 41380000
53500, 42001, 41480000
53500, 45001, 41500000
53500, 48001, 41600000
53500, 51001, 41680000
53500, 54001, 41630000
53500, 57001, 41960000
53500, 60001, 41690000
53500, 63001, 41410000
53500, 66001, 41300000
53500, 69001, 41560000
53500, 72001, 41660000
53500, 75001, 41100000
53500, 78001, 41690000
53500, 81001, 41700000
53500, 84001, 41320000
53500, 87001, 44790000
53500, 90001, 41700000
53500, 93001, 42260000
53500, 96001, 41750000
53500, 99001, 41550000
53600, 1, 41890000
53600, 3001, 41670000
53600, 6001, 41850000
53600, 9001, 41510000
53600, 12001, 41660000
53600, 15001, 41500000
53600, 18001, 41960000
53600, 21001, 41880000
53600, 24001, 41690000
53600, 27001, 41390000
53600, 30001, 41700000
53600, 33001, 41850000
53600, 36001, 41900000
53600, 39001, 41980000
53600, 42001, 41770000
53600, 45001, 41360000
53600, 48001, 41710000
53600, 51001, 41930000
53600, 54001, 41810000
53600, 57001, 41600000
53600, 60001, 41830000
53600, 63001, 41820000
53600, 66001, 41590000
53600, 69001, 41860000
53600, 72001, 41630000
53600, 75001, 41670000
53600, 78001, 41670000
53600, 81001, 41190000
53600, 84001, 41830000
53600, 87001, 41900000
53600, 90001, 41470000
53600, 93001, 41020000
53600, 96001, 41800000
53600, 99001, 41750000
53700, 1, 41890000
53700, 3001, 41820000
53700, 6001, 41990000
53700, 9001, 41990000
53700, 12001, 41450000
53700, 15001, 41940000
53700, 18001, 41890000
53700, 21001, 41890000
53700, 24001, 41960000
53700, 27001, 41760000
53700, 30001, 41570000
53700, 33001, 42090000
53700, 36001, 42290000
53700, 39001, 41900000
53700, 42001, 41550000
53700, 45001, 42230000
53700, 48001, 42220000
53700, 51001, 42120000
53700, 54001, 42020000
53700, 57001, 41580000
53700, 60001, 41940000
53700, 63001, 41920000
53700, 66001, 41750000
53700, 69001, 41860000
53700, 72001, 42130000
53700, 75001, 41990000
53700, 78001, 41820000
53700, 81001, 41540000
53700, 84001, 41420000
53700, 87001, 41400000
53700, 90001, 41890000
53700, 93001, 41390000
53700, 96001, 41830000
53700, 99001, 41630000
